{
    "duration": 6.849999904632568,
    "lossless": 1.0,
    "codec": "pcm_s16le",
    "bitrate": 1411200.0,
    "samplerate": 44100.0,
    "channels": 2.0,
    "audio_md5": "bf0f4d0613fab0fa5268ece9b043c441",
    "loudness": -10.151906967163086,
    "dynamic_range": 0.6067428588867188,
    "temporal_centroid": 0.5185133814811707,
    "log_attack_time": 0.02666015364229679,
    "filesize": 1208430,
    "single_event": false,
    "tonality": "A minor",
    "tonality_confidence": 0.8010611534118652,
    "loop": true,
    "tempo": 140,
    "tempo_confidence": 0.9666666388511658,
    "note_midi": 45,
    "note_name": "A2",
    "note_frequency": 112.39720153808594,
    "note_confidence": 0.5085322260856628,
    "genre": "Genre B",
    "mood": "Mood B"
}